측정일시,SO2,CO,O3,NO2,PM10,PM25
2015-01-01,0.005138333333333333,0.3665,0.019248333333333333,0.011723333333333334,66.42333333333335,13.098333333333333
2015-01-02,0.0058,0.47850000000000004,0.015473333333333332,0.02141166666666667,29.011666666666667,12.856666666666667
2015-01-03,0.00729,0.7398333333333333,0.005935,0.03970833333333333,36.58166666666666,19.891666666666666
2015-01-04,0.006785,0.83,0.0051,0.04516666666666667,42.135,22.935
2015-01-05,0.008233333333333334,1.109,0.004905,0.054893333333333336,76.295,40.345
2015-01-06,0.00527,0.4925,0.020489999999999998,0.021441666666666664,38.903333333333336,15.758333333333333
2015-01-07,0.0062,0.4215,0.018758333333333335,0.022863333333333333,34.21333333333334,12.29
2015-01-08,0.00625,0.6135,0.009801666666666667,0.037998333333333335,44.31833333333333,19.961666666666666
2015-01-09,0.007386666666666667,0.8725,0.006163333333333333,0.049216666666666666,49.105,26.688333333333336
2015-01-10,0.007743333333333333,0.7190000000000001,0.010671666666666666,0.04056,37.24166666666667,19.941666666666666
2015-01-11,0.007546666666666667,0.5626666666666666,0.018226666666666665,0.023453333333333336,43.915,21.771666666666665
2015-01-12,0.00689,0.6538333333333333,0.010711666666666666,0.038823333333333335,43.39666666666667,22.748333333333335
2015-01-13,0.007658333333333334,1.0171666666666668,0.0046233333333333335,0.056985,58.47166666666667,31.185
2015-01-14,0.008993333333333332,1.1146666666666667,0.003531666666666667,0.06066833333333333,71.63833333333334,37.99
2015-01-15,0.008251666666666668,0.8976666666666666,0.006235000000000001,0.05317666666666667,62.11166666666667,33.36
2015-01-16,0.0073,0.8345,0.013238333333333335,0.03511,82.18833333333333,44.54833333333333
2015-01-17,0.005906666666666667,0.4438333333333333,0.019844999999999998,0.02258,35.365,17.261666666666667
2015-01-18,0.00604,0.6386666666666667,0.00777,0.03769666666666667,33.06666666666666,16.57166666666667
2015-01-19,0.006998333333333333,0.6811666666666666,0.017675,0.025948333333333334,62.92666666666667,30.986666666666665
2015-01-20,0.005865,0.6961666666666667,0.007301666666666666,0.04341333333333333,47.82,25.953333333333333
2015-01-21,0.006871666666666667,0.9163333333333332,0.00432,0.05205833333333334,60.03333333333333,31.041666666666664
2015-01-22,0.006638333333333333,0.7941666666666667,0.008771666666666667,0.04360833333333333,45.845,25.605
2015-01-23,0.006795,0.772,0.009721666666666667,0.04212833333333333,43.165,24.871666666666666
2015-01-24,0.007735,0.7361666666666666,0.010583333333333333,0.04731666666666667,53.02,28.971666666666664
2015-01-25,0.006023333333333334,0.7856666666666666,0.006391666666666667,0.043403333333333335,60.20166666666667,33.24666666666666
2015-01-26,0.005245,0.7051666666666666,0.013935,0.032931666666666665,40.59166666666667,27.251666666666665
2015-01-27,0.006081666666666667,0.515,0.019803333333333333,0.021451666666666667,48.52166666666667,25.06
2015-01-28,0.005618333333333334,0.536,0.012773333333333334,0.03251833333333334,44.16666666666667,17.868333333333332
2015-01-29,0.006023333333333334,0.7926666666666666,0.0038333333333333336,0.04634166666666666,50.26333333333333,26.06
2015-01-30,0.006286666666666667,0.5118333333333333,0.01902,0.024116666666666665,38.57333333333334,18.936666666666667
2015-01-31,0.006461666666666667,0.5053333333333333,0.016216666666666667,0.029563333333333334,40.528333333333336,18.725
2015-02-01,0.0056300000000000005,0.5763333333333334,0.012916666666666667,0.036013333333333335,31.14,16.906666666666666
2015-02-02,0.006113333333333334,0.8035,0.005953333333333333,0.052645,42.67666666666667,22.536666666666665
2015-02-03,0.007663333333333333,0.948,0.004501666666666667,0.062246666666666665,60.61666666666667,32.68666666666667
2015-02-04,0.008718333333333333,1.0956666666666666,0.011011666666666666,0.056835000000000004,79.29333333333334,46.87333333333333
2015-02-05,0.010456666666666668,0.8836666666666667,0.02037,0.040383333333333334,92.76166666666666,52.32666666666667
2015-02-06,0.008006666666666667,0.6661666666666666,0.01355,0.04407166666666667,53.45833333333333,28.658333333333335
2015-02-07,0.008013333333333334,0.7391666666666667,0.013508333333333334,0.043673333333333335,46.5,25.665
2015-02-08,0.004521666666666667,0.3185,0.026161666666666666,0.010591666666666666,101.11833333333334,15.095
2015-02-09,0.006528333333333334,0.5126666666666666,0.01542,0.027561666666666665,39.525,16.80333333333333
2015-02-10,0.01298,0.8733333333333333,0.01012,0.04647166666666667,97.40666666666667,46.58833333333333
2015-02-11,0.009275,0.8504999999999999,0.013040000000000001,0.048358333333333337,87.46666666666665,44.805
2015-02-12,0.005698333333333333,0.38299999999999995,0.025961666666666664,0.020143333333333333,35.291666666666664,13.108333333333333
2015-02-13,0.005869999999999999,0.4485,0.020216666666666664,0.028618333333333332,31.011666666666667,15.868333333333332
2015-02-14,0.007148333333333333,0.748,0.008746666666666666,0.052255,55.89666666666667,30.131666666666664
2015-02-15,0.007940000000000001,0.7378333333333333,0.02001,0.041251666666666666,77.52333333333333,38.86666666666667
2015-02-16,0.004851666666666667,0.6361666666666667,0.016215,0.03648333333333333,41.30666666666667,25.426666666666666
2015-02-17,0.005901666666666667,0.6723333333333333,0.02262,0.02492166666666667,64.41333333333333,36.18333333333334
2015-02-18,0.006301666666666666,0.7126666666666667,0.02403166666666667,0.023835000000000002,62.11,41.67166666666667
2015-02-19,0.005843333333333334,0.7918333333333334,0.014855,0.03678666666666666,62.11333333333333,38.73
2015-02-20,0.00544,0.7533333333333333,0.017066666666666664,0.03839,50.585,32.50666666666667
2015-02-21,0.004665,0.5546666666666666,0.012495000000000001,0.03657333333333333,23.581666666666663,16.516666666666666
2015-02-22,0.0045966666666666664,0.5045000000000001,0.018475,0.022765,249.10666666666668,33.55833333333334
2015-02-23,0.0044533333333333334,0.48483333333333334,0.019178333333333332,0.022808333333333333,568.67,65.01666666666667
2015-02-24,0.005515,0.5908333333333333,0.016025,0.03388666666666667,107.885,27.278333333333336
2015-02-25,0.006586666666666666,0.6601666666666667,0.015008333333333335,0.04033166666666666,72.05333333333333,25.656666666666666
2015-02-26,0.00496,0.3931666666666667,0.02844333333333333,0.017894999999999998,33.62166666666667,16.973333333333333
2015-02-27,0.005463333333333333,0.38800000000000007,0.023885,0.020315,30.921666666666667,16.53
2015-02-28,0.00579,0.5996666666666667,0.009755,0.04169166666666666,43.355,22.91
2015-03-01,0.0053366666666666675,0.457,0.024638333333333335,0.02222333333333333,98.755,28.255
2015-03-02,0.00668,0.5758333333333333,0.015643333333333332,0.03806166666666667,89.82333333333334,24.388333333333335
2015-03-03,0.005926666666666667,0.5491666666666667,0.02054,0.03542,51.55833333333333,23.95
2015-03-04,0.004805,0.3665,0.03039666666666667,0.015973333333333332,41.89,16.761666666666667
2015-03-05,0.005168333333333334,0.5286666666666666,0.018461666666666668,0.03542666666666667,41.14833333333333,24.125
2015-03-06,0.006583333333333333,0.7086666666666666,0.010306666666666665,0.050901666666666665,45.415,27.011666666666667
2015-03-07,0.00661,0.7628333333333334,0.015111666666666666,0.0519,50.52333333333333,28.195
2015-03-08,0.008813333333333333,0.8386666666666666,0.020404999999999996,0.05143166666666667,85.905,47.07166666666667
2015-03-09,0.006741666666666667,0.4985,0.030686666666666668,0.024739999999999998,69.67166666666667,31.906666666666666
2015-03-10,0.0046166666666666665,0.319,0.029961666666666668,0.01337,31.995,10.19
2015-03-11,0.006296666666666667,0.43666666666666665,0.02682333333333333,0.02488166666666667,38.95666666666666,16.945
2015-03-12,0.005716666666666667,0.41766666666666663,0.024184999999999998,0.028346666666666666,31.351666666666667,12.165
2015-03-13,0.005788333333333333,0.4928333333333333,0.02643,0.029808333333333336,42.68666666666667,20.59
2015-03-14,0.006345,0.49516666666666664,0.020801666666666666,0.03668166666666667,38.37833333333334,19.133333333333333
2015-03-15,0.0085,0.6553333333333333,0.015961666666666666,0.04714,43.31166666666667,24.533333333333335
2015-03-16,0.00812,0.7913333333333334,0.014006666666666667,0.059930000000000004,91.61166666666666,42.75666666666667
2015-03-17,0.010828333333333334,1.1128333333333333,0.006321666666666666,0.08054166666666668,130.75833333333333,64.155
2015-03-18,0.006543333333333333,0.7045,0.019336666666666665,0.03947166666666667,76.61333333333333,39.67833333333333
2015-03-19,0.00599,0.5843333333333333,0.019878333333333335,0.04394333333333333,53.29333333333333,26.841666666666665
2015-03-20,0.007401666666666667,0.7743333333333333,0.018023333333333332,0.05685333333333333,99.29833333333335,35.235
2015-03-21,0.012761666666666666,0.8738333333333334,0.028845,0.055285,170.6533333333333,57.76333333333333
2015-03-22,0.007775,0.6486666666666667,0.028436666666666666,0.031131666666666665,146.95833333333334,42.77333333333333
2015-03-23,0.005178333333333333,0.3493333333333334,0.032148333333333334,0.018411666666666666,55.51,14.563333333333333
2015-03-24,0.005560000000000001,0.45666666666666667,0.020104999999999998,0.03577333333333333,42.62333333333333,17.41166666666667
2015-03-25,0.006226666666666667,0.49866666666666665,0.016133333333333333,0.04381666666666667,41.51833333333333,20.678333333333335
2015-03-26,0.007315,0.5381666666666667,0.018283333333333332,0.04754333333333333,45.66833333333333,21.921666666666667
2015-03-27,0.0076500000000000005,0.5346666666666667,0.021263333333333332,0.04971999999999999,53.23666666666667,25.46
2015-03-28,0.007981666666666666,0.5451666666666667,0.02660833333333333,0.04928166666666667,44.615,22.17
2015-03-29,0.006693333333333333,0.46950000000000003,0.027125,0.032255000000000006,70.46,30.631666666666664
2015-03-30,0.00676,0.7146666666666667,0.022066666666666665,0.04698,151.04666666666665,46.36333333333333
2015-03-31,0.0067866666666666665,0.737,0.021339999999999998,0.04654833333333333,106.855,50.575
2015-04-01,0.004358333333333334,0.49,0.025593333333333336,0.023003333333333334,23.655,15.11
2015-04-02,0.004336666666666667,0.4091666666666666,0.02645,0.020114999999999997,21.645,12.058333333333332
2015-04-03,0.0044216666666666675,0.6961666666666667,0.013920000000000002,0.03238333333333333,33.096666666666664,20.665
2015-04-04,0.00408,0.35350000000000004,0.03141833333333333,0.020295,13.795,7.193333333333333
2015-04-05,0.0038416666666666664,0.39116666666666666,0.020306666666666667,0.023623333333333333,15.953333333333333,9.108333333333334
2015-04-06,0.004305,0.43766666666666665,0.019761666666666667,0.02699,58.22333333333333,20.448333333333334
2015-04-07,0.0041600000000000005,0.3593333333333334,0.020201666666666663,0.02413833333333333,40.325,16.261666666666667
2015-04-08,0.004201666666666667,0.36516666666666664,0.024675,0.02637,28.638333333333335,14.778333333333332
2015-04-09,0.00634,0.5446666666666666,0.019286666666666667,0.04764,49.225,25.506666666666664
2015-04-10,0.006658333333333333,0.5401666666666667,0.026606666666666667,0.04359166666666667,54.93666666666667,26.86
2015-04-11,0.006646666666666666,0.605,0.024569999999999998,0.04841166666666666,67.78833333333333,33.27166666666667
2015-04-12,0.005331666666666667,0.4836666666666667,0.03417833333333333,0.03186666666666667,48.09666666666667,25.925
2015-04-13,0.0040616666666666666,0.307,0.044669999999999994,0.014508333333333335,26.263333333333335,13.493333333333332
2015-04-14,0.0038416666666666664,0.4186666666666667,0.033931666666666666,0.026195,18.471666666666668,15.186666666666667
2015-04-15,0.005988333333333333,0.5283333333333333,0.034784999999999996,0.03196,43.625,27.295
2015-04-16,0.005673333333333333,0.5196666666666667,0.028565,0.035028333333333335,78.125,29.083333333333336
2015-04-17,0.005443333333333333,0.40950000000000003,0.02656666666666667,0.032661666666666665,69.07166666666667,16.121666666666666
2015-04-18,0.00599,0.5605,0.014835000000000001,0.05114833333333333,56.98333333333333,17.505
2015-04-19,0.004411666666666666,0.4315,0.024271666666666664,0.02878,29.321666666666665,13.896666666666668
2015-04-20,0.0038616666666666665,0.37433333333333335,0.03228333333333333,0.027143333333333332,13.478333333333332,7.395
2015-04-21,0.006123333333333334,0.5241666666666667,0.024231666666666665,0.040615,42.81166666666667,20.785
2015-04-22,0.007488333333333334,0.5613333333333334,0.03664166666666666,0.039858333333333336,72.06333333333333,33.208333333333336
2015-04-23,0.006501666666666667,0.5773333333333334,0.030068333333333332,0.042054999999999995,60.60666666666667,32.335
2015-04-24,0.00643,0.47600000000000003,0.044063333333333336,0.03154666666666667,72.82,31.423333333333336
2015-04-25,0.005961666666666666,0.48166666666666663,0.021456666666666666,0.04299666666666667,59.145,20.025
2015-04-26,0.008358333333333334,0.491,0.04041333333333333,0.033475000000000005,57.16166666666667,26.435
2015-04-27,0.008591666666666666,0.564,0.038843333333333334,0.040018333333333336,66.295,30.008333333333336
2015-04-28,0.0056500000000000005,0.45799999999999996,0.02371,0.04583166666666667,47.24666666666667,23.73
2015-04-29,0.0053233333333333336,0.42766666666666664,0.01761,0.032826666666666664,42.48833333333333,25.461666666666666
2015-04-30,0.004646666666666667,0.4043333333333334,0.024793333333333334,0.03476166666666667,31.05,17.773333333333333
2015-05-01,0.006216666666666667,0.49616666666666664,0.02896333333333333,0.040536666666666665,41.56333333333333,24.476666666666667
2015-05-02,0.0058,0.43883333333333335,0.024714999999999997,0.033696666666666666,36.805,23.073333333333334
2015-05-03,0.004136666666666667,0.37166666666666665,0.018015,0.021088333333333334,24.58,16.54
2015-05-04,0.004358333333333334,0.3108333333333333,0.028653333333333336,0.018561666666666667,50.335,15.55
2015-05-05,0.005598333333333334,0.3425,0.03232666666666666,0.022934999999999997,38.59,12.323333333333332
2015-05-06,0.006606666666666667,0.44799999999999995,0.028454999999999998,0.03886833333333333,46.19,15.453333333333333
2015-05-07,0.005928333333333333,0.47483333333333333,0.024544999999999997,0.04556166666666667,42.50166666666667,17.418333333333333
2015-05-08,0.006985,0.47583333333333333,0.027146666666666666,0.03933333333333334,53.93166666666667,26.67
2015-05-09,0.005633333333333334,0.35883333333333334,0.037763333333333336,0.026666666666666665,39.89333333333334,19.985
2015-05-10,0.0052116666666666665,0.4051666666666667,0.03026333333333333,0.02835333333333333,39.723333333333336,17.76833333333333
2015-05-11,0.004835000000000001,0.39916666666666667,0.028845,0.028841666666666668,41.21333333333333,19.641666666666666
2015-05-12,0.005226666666666668,0.423,0.03807166666666667,0.016315,37.57,17.951666666666668
2015-05-13,0.0064866666666666675,0.4406666666666667,0.04622,0.021415000000000003,65.90833333333333,22.09
2015-05-14,0.005696666666666667,0.42666666666666664,0.043706666666666665,0.026121666666666665,56.21333333333333,27.486666666666665
2015-05-15,0.0057933333333333335,0.5713333333333334,0.03580833333333334,0.030385,97.52166666666666,46.33833333333333
2015-05-16,0.00584,0.4595,0.037603333333333336,0.031933333333333334,50.31333333333333,24.418333333333337
2015-05-17,0.006833333333333334,0.49016666666666664,0.045515,0.029116666666666666,53.35666666666667,29.463333333333335
2015-05-18,0.005508333333333334,0.44266666666666665,0.028703333333333334,0.03649666666666666,41.82833333333333,21.433333333333334
2015-05-19,0.004481666666666667,0.47916666666666663,0.035653333333333335,0.025458333333333333,48.665,29.263333333333335
2015-05-20,0.004758333333333333,0.39399999999999996,0.030561666666666664,0.022959999999999998,39.946666666666665,16.54
2015-05-21,0.006979999999999999,0.45083333333333336,0.036678333333333334,0.031485,42.26333333333333,20.655
2015-05-22,0.008125,0.4886666666666667,0.03993833333333333,0.03817333333333334,51.00666666666667,26.035
2015-05-23,0.005996666666666667,0.4585,0.034305,0.04,42.37833333333333,20.956666666666663
2015-05-24,0.00513,0.37016666666666664,0.037254999999999996,0.029353333333333332,31.25,16.005
2015-05-25,0.006608333333333334,0.3865,0.03347666666666667,0.03311166666666667,41.33166666666667,22.745
2015-05-26,0.006045,0.386,0.028229999999999998,0.038838333333333336,38.69833333333334,21.018333333333334
2015-05-27,0.0051600000000000005,0.43616666666666665,0.028338333333333333,0.046018333333333335,35.83833333333334,19.46666666666667
2015-05-28,0.005863333333333334,0.425,0.038408333333333336,0.04564666666666667,40.475,21.145
2015-05-29,0.006761666666666667,0.42699999999999994,0.02901666666666667,0.046448333333333335,47.045,25.26
2015-05-30,0.0053233333333333336,0.3451666666666667,0.023996666666666666,0.029848333333333334,38.11833333333333,22.73
2015-05-31,0.005373333333333333,0.38616666666666666,0.035451666666666666,0.026241666666666667,42.29666666666667,24.915
2015-06-01,0.007463333333333333,0.4146666666666667,0.03394,0.037805,37.346666666666664,20.616666666666664
2015-06-02,0.005846666666666667,0.38833333333333336,0.03541166666666667,0.03222333333333333,35.765,20.746666666666666
2015-06-03,0.004315,0.28,0.03820333333333333,0.014943333333333333,41.74,13.635
2015-06-04,0.0057733333333333334,0.4535,0.03698666666666667,0.037155,38.765,17.43166666666667
2015-06-05,0.0052,0.42766666666666664,0.03201166666666667,0.032328333333333334,30.48,17.131666666666664
2015-06-06,0.004673333333333334,0.3428333333333333,0.042519999999999995,0.02316,30.59,17.241666666666667
2015-06-07,0.00524,0.3493333333333334,0.04971999999999999,0.017768333333333334,30.5,17.543333333333333
2015-06-08,0.006141666666666667,0.354,0.037638333333333336,0.026135000000000002,36.735,22.401666666666664
2015-06-09,0.004931666666666667,0.35283333333333333,0.03576666666666667,0.02134166666666667,42.845,25.931666666666665
2015-06-10,0.0051466666666666674,0.45083333333333336,0.03849833333333333,0.03308333333333333,48.00166666666667,27.425
2015-06-11,0.004835,0.38983333333333337,0.03342333333333333,0.027548333333333334,40.31,23.041666666666664
2015-06-12,0.005235,0.4256666666666667,0.04614833333333333,0.021896666666666665,44.075,24.173333333333336
2015-06-13,0.005645,0.4395,0.048308333333333335,0.022866666666666667,72.83833333333332,34.13166666666667
2015-06-14,0.004506666666666667,0.35416666666666674,0.049800000000000004,0.014788333333333334,31.588333333333335,18.96666666666667
2015-06-15,0.004356666666666667,0.42,0.04201166666666666,0.025463333333333334,36.995,22.681666666666665
2015-06-16,0.005223333333333333,0.499,0.035403333333333335,0.03184666666666667,46.905,28.12
2015-06-17,0.005266666666666667,0.491,0.03533833333333333,0.030513333333333333,43.76833333333333,28.033333333333335
2015-06-18,0.00402,0.353,0.038200000000000005,0.018631666666666668,26.661666666666665,16.67
2015-06-19,0.004136666666666667,0.33466666666666667,0.039830000000000004,0.018491666666666667,23.403333333333336,14.593333333333332
2015-06-20,0.004730000000000001,0.4651666666666667,0.023658333333333333,0.02852333333333333,37.67333333333333,23.958333333333336
2015-06-21,0.004171666666666667,0.3646666666666667,0.0352,0.01859,21.725,13.368333333333332
2015-06-22,0.0060750000000000005,0.444,0.031645,0.032015,30.085,18.686666666666667
2015-06-23,0.0058000000000000005,0.42033333333333334,0.041429999999999995,0.02836666666666667,33.858333333333334,21.848333333333336
2015-06-24,0.005638333333333333,0.46049999999999996,0.040355,0.031338333333333336,40.028333333333336,26.056666666666665
2015-06-25,0.005203333333333333,0.4421666666666667,0.03218166666666667,0.028916666666666667,38.61,25.67
2015-06-26,0.004025,0.2906666666666667,0.03488166666666667,0.015106666666666666,11.601666666666667,6.635
2015-06-27,0.00398,0.29516666666666663,0.035985,0.016588333333333333,12.613333333333333,8.526666666666666
2015-06-28,0.004935,0.35,0.035103333333333334,0.02234166666666667,22.688333333333336,13.931666666666667
2015-06-29,0.005393333333333333,0.3436666666666667,0.03680833333333333,0.024035,23.586666666666666,13.87
2015-06-30,0.004788333333333334,0.382,0.030351666666666666,0.027084999999999998,31.111666666666665,19.26
2015-07-01,0.004808333333333334,0.373,0.03920833333333333,0.017301666666666667,33.67166666666667,18.506666666666668
2015-07-02,0.0053366666666666675,0.49333333333333335,0.05032166666666667,0.016929999999999997,49.98833333333333,31.58
2015-07-03,0.004808333333333334,0.39149999999999996,0.032875,0.021321666666666666,38.16,22.361666666666665
2015-07-04,0.005206666666666668,0.36133333333333334,0.03861333333333333,0.025750000000000002,30.67,18.045
2015-07-05,0.006056666666666667,0.3903333333333333,0.04107666666666667,0.021113333333333335,32.885,20.12666666666667
2015-07-06,0.004816666666666667,0.35533333333333333,0.03269333333333333,0.027356666666666668,28.988333333333333,17.148333333333333
2015-07-07,0.004693333333333333,0.37549999999999994,0.02996333333333333,0.029361666666666668,33.01,19.73
2015-07-08,0.0038216666666666664,0.2563333333333333,0.03161,0.014796666666666666,8.838333333333333,4.88
2015-07-09,0.0039000000000000003,0.2676666666666667,0.027919999999999997,0.015796666666666667,10.383333333333333,7.02
2015-07-10,0.0040950000000000005,0.344,0.027723333333333336,0.025615000000000002,20.03666666666667,13.318333333333333
2015-07-11,0.004436666666666667,0.38299999999999995,0.02979,0.029101666666666665,26.19,17.15
2015-07-12,0.0038266666666666666,0.26416666666666666,0.010778333333333334,0.010706666666666666,9.821666666666667,5.9383333333333335
2015-07-13,0.00415,0.3813333333333333,0.029763333333333333,0.014326666666666665,30.928333333333335,22.838333333333335
2015-07-14,0.0051400000000000005,0.5441666666666667,0.04808833333333333,0.023965,62.915,37.44833333333334
2015-07-15,0.004826666666666667,0.48200000000000004,0.033965,0.022743333333333334,46.78833333333333,28.036666666666665
2015-07-16,0.003916666666666666,0.22766666666666668,0.027171666666666663,0.01087,11.048333333333332,4.615
2015-07-17,0.0039366666666666664,0.23600000000000002,0.025071666666666666,0.014419999999999999,10.946666666666667,5.715
2015-07-18,0.004476666666666667,0.33799999999999997,0.025253333333333332,0.024196666666666665,28.636666666666667,17.96666666666667
2015-07-19,0.003943333333333333,0.3615,0.02896333333333333,0.017951666666666668,23.571666666666665,15.271666666666668
2015-07-20,0.004065,0.3675,0.012095,0.022663333333333334,21.521666666666665,13.878333333333332
2015-07-21,0.004161666666666667,0.38616666666666666,0.013309999999999999,0.026148333333333332,26.185,16.168333333333333
2015-07-22,0.004756666666666667,0.4981666666666667,0.017818333333333335,0.036961666666666664,31.661666666666665,20.24833333333333
2015-07-23,0.005013333333333333,0.4293333333333333,0.014853333333333335,0.030914999999999998,26.816666666666666,17.096666666666668
2015-07-24,0.004258333333333334,0.36883333333333335,0.011685000000000001,0.025906666666666665,14.581666666666667,8.945
2015-07-25,0.00408,0.2991666666666667,0.013145,0.01749166666666667,19.043333333333333,11.706666666666667
2015-07-26,0.004315,0.27216666666666667,0.013486666666666668,0.013646666666666666,17.68166666666667,9.458333333333334
2015-07-27,0.004831666666666667,0.3115,0.008278333333333334,0.020526666666666665,26.336666666666666,15.808333333333332
2015-07-28,0.0050683333333333335,0.36283333333333334,0.021943333333333332,0.020226666666666667,34.348333333333336,23.346666666666664
2015-07-29,0.004808333333333334,0.452,0.023183333333333334,0.02621333333333333,36.56166666666667,27.326666666666664
2015-07-30,0.0048916666666666666,0.47383333333333333,0.04274166666666667,0.018965,68.77,46.595
2015-07-31,0.005065000000000001,0.40299999999999997,0.041444999999999996,0.021884999999999998,57.19333333333333,39.35166666666667
2015-08-01,0.0050483333333333335,0.37549999999999994,0.034595,0.018238333333333336,46.59666666666667,31.578333333333333
2015-08-02,0.004543333333333333,0.35200000000000004,0.031425,0.014071666666666666,30.476666666666667,20.536666666666665
2015-08-03,0.005425,0.32083333333333336,0.020061666666666665,0.015973333333333332,27.331666666666663,17.148333333333333
2015-08-04,0.005086666666666667,0.29,0.01933,0.014623333333333332,25.71,16.035
2015-08-05,0.004795000000000001,0.2866666666666667,0.031835,0.01869,32.55,21.436666666666664
2015-08-06,0.005188333333333334,0.365,0.02670166666666667,0.023918333333333333,33.035,22.9
2015-08-07,0.004308333333333333,0.41666666666666663,0.030461666666666668,0.031678333333333336,38.373333333333335,26.263333333333335
2015-08-08,0.004338333333333334,0.41800000000000004,0.022186666666666667,0.027725,32.695,21.403333333333336
2015-08-09,0.004495,0.30566666666666664,0.023428333333333336,0.015576666666666667,19.726666666666667,11.581666666666667
2015-08-10,0.0044933333333333336,0.32366666666666666,0.022273333333333332,0.02050666666666667,28.85,17.098333333333333
2015-08-11,0.005258333333333334,0.5666666666666667,0.026285,0.028990000000000002,57.54833333333333,36.63666666666666
2015-08-12,0.0051849999999999995,0.4831666666666667,0.035138333333333334,0.022813333333333335,50.43333333333333,31.548333333333332
2015-08-13,0.0046633333333333336,0.451,0.026035,0.029981666666666667,37.428333333333335,23.606666666666666
2015-08-14,0.00496,0.4666666666666666,0.034,0.026921666666666667,38.25666666666667,23.803333333333335
2015-08-15,0.005425,0.5821666666666667,0.04831333333333333,0.02162333333333333,64.78333333333333,44.04
2015-08-16,0.004603333333333333,0.5486666666666666,0.04117666666666667,0.02005666666666667,65.42833333333333,43.90333333333333
2015-08-17,0.004278333333333334,0.354,0.03414333333333333,0.021063333333333333,24.935,17.258333333333333
2015-08-18,0.0041266666666666665,0.32233333333333336,0.035256666666666665,0.022603333333333336,20.983333333333334,14.203333333333333
2015-08-19,0.004826666666666667,0.4171666666666667,0.02588166666666667,0.03484,36.748333333333335,20.473333333333333
2015-08-20,0.005866666666666667,0.45716666666666667,0.017563333333333334,0.037121666666666664,35.28,21.983333333333334
2015-08-21,0.005156666666666667,0.4005,0.018291666666666664,0.026453333333333332,29.483333333333334,19.066666666666666
2015-08-22,0.0050416666666666665,0.42100000000000004,0.03812666666666667,0.023713333333333333,37.91,23.531666666666666
2015-08-23,0.005148333333333334,0.44616666666666666,0.03671833333333333,0.021189999999999997,38.38,25.158333333333335
2015-08-24,0.004318333333333334,0.35766666666666663,0.029471666666666663,0.016836666666666666,28.946666666666665,18.445
2015-08-25,0.00373,0.2535,0.01763,0.014106666666666667,7.256666666666666,3.663333333333333
2015-08-26,0.004703333333333334,0.2545,0.019853333333333334,0.0181,10.656666666666668,5.026666666666667
2015-08-27,0.005225,0.35816666666666663,0.031325,0.021496666666666667,20.56,10.461666666666668
2015-08-28,0.005258333333333334,0.4673333333333333,0.015713333333333333,0.039656666666666666,28.386666666666667,17.441666666666666
2015-08-29,0.005640000000000001,0.4396666666666667,0.028386666666666668,0.03128166666666667,31.90833333333333,18.493333333333332
2015-08-30,0.004691666666666667,0.4033333333333334,0.03456,0.022685,33.531666666666666,21.125
2015-08-31,0.0041400000000000005,0.37916666666666665,0.03866,0.025935,31.638333333333335,21.515
2015-09-01,0.004235,0.3265,0.03562833333333333,0.015456666666666667,23.893333333333334,16.675
2015-09-02,0.00402,0.4641666666666667,0.023625000000000004,0.030333333333333334,23.111666666666665,15.231666666666667
2015-09-03,0.004246666666666667,0.4071666666666667,0.024006666666666666,0.02247666666666667,24.715,14.673333333333332
2015-09-04,0.004795000000000001,0.49066666666666664,0.02556,0.027971666666666666,34.83,19.823333333333334
2015-09-05,0.00422,0.4355,0.01994,0.028873333333333334,31.776666666666664,19.131666666666668
2015-09-06,0.00373,0.265,0.02929333333333333,0.010491666666666667,12.466666666666667,6.878333333333334
2015-09-07,0.00412,0.31516666666666665,0.026205,0.018163333333333333,12.826666666666668,6.538333333333334
2015-09-08,0.003995,0.263,0.026611666666666665,0.019001666666666667,11.168333333333333,7.395
2015-09-09,0.003921666666666667,0.26966666666666667,0.02382,0.019205,16.148333333333333,7.891666666666667
2015-09-10,0.0042,0.3615,0.022366666666666667,0.023975,29.115,15.395
2015-09-11,0.004438333333333333,0.45483333333333337,0.019353333333333333,0.02739166666666667,37.77833333333333,23.516666666666666
2015-09-12,0.004415,0.338,0.022695,0.023966666666666664,23.1,11.315
2015-09-13,0.004561666666666667,0.31633333333333336,0.029213333333333334,0.016411666666666668,20.171666666666667,10.218333333333332
2015-09-14,0.004946666666666667,0.4385,0.02254,0.034028333333333334,32.285,16.526666666666667
2015-09-15,0.004718333333333333,0.4013333333333333,0.021286666666666666,0.031711666666666666,25.05,13.781666666666668
2015-09-16,0.0038916666666666665,0.3135,0.02791333333333333,0.021675,15.17,7.585
2015-09-17,0.00379,0.28550000000000003,0.026521666666666666,0.016565,12.336666666666668,6.615
2015-09-18,0.004045,0.3423333333333333,0.024090000000000004,0.028839999999999998,19.80666666666667,9.683333333333334
2015-09-19,0.004313333333333333,0.4098333333333333,0.020569999999999998,0.030856666666666664,32.325,15.53
2015-09-20,0.00498,0.5198333333333334,0.031093333333333334,0.028485,47.92,30.476666666666667
2015-09-21,0.00466,0.5908333333333333,0.0233,0.03908,47.91333333333333,29.651666666666664
2015-09-22,0.004383333333333334,0.5143333333333334,0.029531666666666668,0.04304666666666667,41.15166666666667,25.511666666666667
2015-09-23,0.00498,0.5381666666666667,0.013980000000000001,0.05105666666666667,39.995,24.54
2015-09-24,0.0048400000000000006,0.4911666666666667,0.0207,0.040735,36.751666666666665,22.036666666666665
2015-09-25,0.004805,0.4815,0.029725,0.035905,36.178333333333335,22.096666666666664
2015-09-26,0.004511666666666666,0.5591666666666666,0.029941666666666665,0.02949,48.49333333333333,28.135
2015-09-27,0.003988333333333333,0.4151666666666667,0.022933333333333333,0.028155,33.14833333333333,15.588333333333333
2015-09-28,0.004138333333333333,0.3975,0.02606,0.026086666666666668,30.825,13.891666666666667
2015-09-29,0.0038116666666666663,0.3036666666666667,0.029815,0.015263333333333334,22.363333333333333,9.93
2015-09-30,0.0037433333333333333,0.3045,0.023276666666666664,0.021788333333333333,17.82166666666667,7.706666666666666
2015-10-01,0.00379,0.35800000000000004,0.0172,0.022208333333333333,15.11,7.24
2015-10-02,0.00447,0.3401666666666667,0.024586666666666666,0.021366666666666666,28.68,10.018333333333334
2015-10-03,0.00487,0.35783333333333334,0.03713333333333333,0.019401666666666664,40.905,16.685
2015-10-04,0.004423333333333334,0.36300000000000004,0.02261,0.02602666666666667,27.811666666666664,11.956666666666667
2015-10-05,0.004445,0.44933333333333336,0.014508333333333331,0.04043833333333333,27.456666666666663,14.421666666666667
2015-10-06,0.00511,0.48266666666666663,0.013718333333333334,0.04444,30.481666666666666,16.27166666666667
2015-10-07,0.004736666666666667,0.5351666666666667,0.013538333333333333,0.04593,46.50333333333333,22.968333333333334
2015-10-08,0.005085000000000001,0.5288333333333334,0.02262166666666667,0.038225,52.595,26.715
2015-10-09,0.00472,0.31816666666666665,0.026883333333333335,0.018105,32.36333333333334,10.478333333333332
2015-10-10,0.0044016666666666674,0.3675,0.021143333333333333,0.02494666666666667,21.461666666666666,11.458333333333332
2015-10-11,0.004208333333333333,0.3511666666666667,0.01548,0.021193333333333335,16.39,9.036666666666667
2015-10-12,0.004056666666666667,0.3363333333333333,0.016763333333333335,0.019096666666666665,17.593333333333334,9.395
2015-10-13,0.005246666666666667,0.5058333333333334,0.016126666666666668,0.03797833333333333,30.226666666666667,15.736666666666668
2015-10-14,0.005316666666666667,0.7155,0.01123,0.05298333333333334,47.55333333333333,26.166666666666664
2015-10-15,0.0061916666666666665,0.7791666666666667,0.015796666666666667,0.05971,56.975,36.71
2015-10-16,0.005995,0.8128333333333333,0.015318333333333333,0.061660000000000006,65.985,45.58666666666667
2015-10-17,0.005115,0.7101666666666666,0.017506666666666667,0.05408833333333333,58.105,33.766666666666666
2015-10-18,0.005390000000000001,0.7346666666666667,0.026145,0.04516166666666667,75.30333333333333,47.895
2015-10-19,0.005826666666666667,0.7928333333333333,0.02179666666666667,0.04845666666666666,95.855,62.39
2015-10-20,0.006133333333333334,0.7505,0.01922,0.04804166666666666,96.27833333333334,57.54333333333333
2015-10-21,0.005955,0.8134999999999999,0.021086666666666667,0.04552166666666666,119.16,70.105
2015-10-22,0.004803333333333333,0.6406666666666666,0.01621833333333333,0.038965,77.76666666666667,48.343333333333334
2015-10-23,0.005353333333333333,0.5358333333333334,0.015848333333333332,0.036763333333333335,47.78666666666667,28.77333333333333
2015-10-24,0.004491666666666666,0.5136666666666667,0.021484999999999997,0.029181666666666665,34.23833333333334,21.28
2015-10-25,0.004201666666666667,0.4581666666666666,0.02007833333333333,0.030121666666666665,29.768333333333334,16.168333333333333
2015-10-26,0.004456666666666667,0.4425,0.011515,0.036345,31.578333333333333,16.108333333333334
2015-10-27,0.003986666666666667,0.3988333333333333,0.021698333333333333,0.021278333333333333,35.10333333333333,13.271666666666668
2015-10-28,0.004676666666666667,0.3925,0.018328333333333332,0.026333333333333334,30.823333333333334,12.441666666666668
2015-10-29,0.00458,0.40116666666666667,0.016933333333333335,0.026875,22.728333333333335,11.915
2015-10-30,0.004098333333333333,0.35083333333333333,0.01847333333333333,0.019648333333333334,28.803333333333335,11.015
2015-10-31,0.00464,0.4825,0.012393333333333334,0.030888333333333337,31.443333333333335,16.026666666666667
2015-11-01,0.00494,0.6196666666666667,0.005343333333333334,0.04426333333333333,40.608333333333334,23.548333333333336
2015-11-02,0.005731666666666666,0.6933333333333332,0.011023333333333335,0.04549333333333333,51.66166666666667,29.171666666666667
2015-11-03,0.006255,0.9055,0.013613333333333333,0.054385,70.83833333333332,42.94166666666667
2015-11-04,0.007453333333333333,0.9178333333333333,0.0085,0.06760833333333333,85.135,55.31
2015-11-05,0.006161666666666666,0.9151666666666667,0.011430000000000001,0.06270333333333333,81.48,51.87666666666667
2015-11-06,0.004326666666666667,0.5483333333333333,0.020975,0.031243333333333335,48.52,32.345
2015-11-07,0.003521666666666667,0.40149999999999997,0.02122,0.019938333333333332,9.211666666666668,7.756666666666666
2015-11-08,0.003465,0.3441666666666666,0.022811666666666664,0.01706,5.131666666666666,3.045
2015-11-09,0.0035366666666666667,0.43483333333333335,0.012665,0.025,12.526666666666667,8.603333333333333
2015-11-10,0.004031666666666667,0.6618333333333334,0.007398333333333333,0.03450333333333334,46.475,30.511666666666667
2015-11-11,0.004376666666666667,0.76,0.005241666666666667,0.042953333333333336,42.23,25.76833333333333
2015-11-12,0.003998333333333334,0.508,0.012363333333333332,0.03181,16.315,10.07
2015-11-13,0.0036316666666666667,0.43700000000000006,0.011675,0.031145,13.195,8.023333333333333
2015-11-14,0.00381,0.478,0.007751666666666667,0.034438333333333335,12.143333333333333,8.465
2015-11-15,0.004533333333333334,0.49983333333333335,0.008715,0.03115666666666667,19.175,11.888333333333332
2015-11-16,0.004355,0.6098333333333333,0.0034016666666666666,0.03474833333333333,27.701666666666664,16.82166666666667
2015-11-17,0.004216666666666667,0.5613333333333334,0.011181666666666668,0.030175,19.44333333333333,11.896666666666668
2015-11-18,0.0035983333333333336,0.39549999999999996,0.016985,0.020658333333333334,10.13,6.4783333333333335
2015-11-19,0.0038133333333333335,0.414,0.009118333333333334,0.027586666666666666,14.556666666666667,7.426666666666666
2015-11-20,0.004683333333333334,0.626,0.008201666666666668,0.034541666666666665,36.821666666666665,22.136666666666667
2015-11-21,0.00506,0.8073333333333333,0.009676666666666667,0.04049333333333333,49.94666666666667,32.98166666666666
2015-11-22,0.004371666666666667,0.6178333333333333,0.010655,0.030233333333333334,30.568333333333335,20.108333333333334
2015-11-23,0.003493333333333333,0.387,0.013216666666666668,0.02329,8.128333333333334,5.44
2015-11-24,0.003923333333333333,0.48533333333333334,0.013134999999999999,0.023633333333333333,23.816666666666666,16.333333333333332
2015-11-25,0.0035849999999999996,0.401,0.0147,0.023183333333333334,12.836666666666668,9.5
2015-11-26,0.00481,0.413,0.022705000000000003,0.017138333333333332,33.778333333333336,24.131666666666664
2015-11-27,0.004745,0.44766666666666666,0.018741666666666667,0.024676666666666666,39.04666666666667,26.128333333333334
2015-11-28,0.00538,0.6551666666666667,0.008188333333333332,0.03979666666666667,44.98,28.385
2015-11-29,0.004465,0.6593333333333333,0.005325,0.034225,38.67166666666667,28.491666666666664
2015-11-30,0.005568333333333333,0.7454999999999999,0.009816666666666666,0.037294999999999995,42.68166666666667,29.625
2015-12-01,0.005675,0.9238333333333333,0.00446,0.04881833333333334,50.485,32.455
2015-12-02,0.005618333333333333,0.86,0.0088,0.03986666666666667,51.72333333333333,30.563333333333336
2015-12-03,0.004343333333333334,0.41983333333333334,0.016363333333333334,0.018760000000000002,20.17,13.218333333333332
2015-12-04,0.004556666666666666,0.45483333333333337,0.014283333333333335,0.026783333333333333,38.61833333333333,14.818333333333333
2015-12-05,0.005415,0.6203333333333333,0.014376666666666666,0.032466666666666665,33.795,16.19
2015-12-06,0.005538333333333333,0.6054999999999999,0.01146,0.03423833333333333,34.26,18.751666666666665
2015-12-07,0.005430000000000001,0.82,0.0035450000000000004,0.04918666666666667,50.785,28.615
2015-12-08,0.006683333333333334,1.0493333333333335,0.0031916666666666664,0.0632,63.07833333333333,36.31
2015-12-09,0.006796666666666666,1.0871666666666666,0.0032333333333333337,0.06402166666666667,70.32666666666667,40.07
2015-12-10,0.005886666666666667,0.9016666666666667,0.002863333333333333,0.04851,46.468333333333334,29.623333333333335
2015-12-11,0.0053683333333333335,0.6308333333333334,0.015385,0.029156666666666668,33.583333333333336,21.92
2015-12-12,0.004838333333333333,0.5716666666666667,0.014636666666666666,0.035345,31.24,16.67833333333333
2015-12-13,0.005543333333333333,0.7711666666666668,0.006745,0.04454833333333333,41.26166666666667,24.84
2015-12-14,0.005221666666666667,0.8153333333333334,0.0028283333333333333,0.046356666666666664,46.21,29.786666666666665
2015-12-15,0.0054466666666666665,0.6779999999999999,0.012456666666666666,0.030651666666666667,54.77333333333333,33.656666666666666
2015-12-16,0.0051866666666666675,0.3746666666666667,0.021163333333333333,0.015898333333333334,28.661666666666665,13.838333333333333
2015-12-17,0.004435,0.35833333333333334,0.015905,0.017496666666666667,20.398333333333333,10.768333333333333
2015-12-18,0.005651666666666667,0.7825,0.0038666666666666667,0.04189166666666667,42.705,23.405
2015-12-19,0.005995,0.9568333333333334,0.00388,0.04977333333333333,62.33166666666667,36.34166666666667
2015-12-20,0.0057933333333333335,0.9523333333333334,0.003655,0.051451666666666666,56.29666666666667,35.10166666666667
2015-12-21,0.005423333333333333,0.7845,0.0036149999999999997,0.04443333333333333,52.39166666666667,33.23833333333334
2015-12-22,0.0054800000000000005,0.8356666666666667,0.004085,0.04693,62.67833333333333,37.93666666666667
2015-12-23,0.0059833333333333336,0.904,0.005183333333333333,0.049418333333333335,58.97333333333333,36.781666666666666
2015-12-24,0.007418333333333333,0.8958333333333333,0.011725000000000001,0.04143500000000001,100.23666666666666,62.045
2015-12-25,0.005581666666666667,0.44366666666666665,0.017065,0.02645,29.165,16.21
2015-12-26,0.0061266666666666665,0.753,0.012349999999999998,0.03471333333333333,76.27166666666666,42.42833333333333
2015-12-27,0.004923333333333333,0.42516666666666664,0.019348333333333335,0.019676666666666665,29.893333333333334,16.15
2015-12-28,0.004768333333333334,0.4891666666666667,0.013995,0.02698,27.69,15.0
2015-12-29,0.006691666666666667,0.9856666666666666,0.004136666666666667,0.05175833333333333,57.04666666666667,31.696666666666665
2015-12-30,0.005888333333333333,0.8363333333333333,0.0038033333333333335,0.04991333333333334,60.79166666666667,34.76
2015-12-31,0.005888333333333333,0.8423333333333334,0.0073,0.041933333333333336,64.04833333333333,43.29333333333333
